candidate,month,rows,mae,rmse,rounds,fold_seconds
rf_raw_invalid_median,2025-07,4912,135.51070629921634,640.5392017583417,150,26.7
rf_raw_invalid_median,2025-08,4759,199.03996533344954,643.5802065699514,150,26.7
rf_raw_invalid_median,2025-09,4670,113.82898411923158,618.0076353536241,150,42.55
lgb_raw_invalid_median,2025-07,4912,128.94113720870806,634.4548225377047,385,2.2
lgb_raw_invalid_median,2025-08,4759,161.41497080475048,627.1250681851768,385,2.2
lgb_raw_invalid_median,2025-09,4670,103.86483782610722,618.0255396068299,872,5.61
lgb_log_invalid_median,2025-07,4912,126.87880124116934,633.3317941369006,548,3.52
lgb_log_invalid_median,2025-08,4759,156.91773496291336,625.3582574992838,548,3.52
lgb_log_invalid_median,2025-09,4670,106.45890981351478,618.1411423258797,1193,7.42
cat_raw_invalid_median,2025-07,4912,128.07243655097972,634.2728792094088,157,2.99
cat_raw_invalid_median,2025-08,4759,141.846490771539,625.0853716459719,157,2.99
cat_raw_invalid_median,2025-09,4670,110.88320896748137,618.937401858301,533,12.37
cat_raw_abs_median,2025-07,4912,120.68491044594892,632.4394366245514,198,3.41
cat_raw_abs_median,2025-08,4759,134.44281946858038,622.8282626083246,198,3.41
cat_raw_abs_median,2025-09,4670,112.03950774330404,618.9255173353124,593,13.9
cat_raw_invalid_native,2025-07,4912,126.19156651279745,635.0351039882057,180,3.25
cat_raw_invalid_native,2025-08,4759,136.18452260323411,622.6841678089323,180,3.25
cat_raw_invalid_native,2025-09,4670,113.26515205200947,619.113284513614,509,12.51
cat_raw_abs_native,2025-07,4912,128.81316189851742,635.9678533822515,171,3.16
cat_raw_abs_native,2025-08,4759,138.47604512290224,624.0109776062541,171,3.16
cat_raw_abs_native,2025-09,4670,112.81092932122645,618.745089008851,527,12.81
